timestamp,close,high,low,volume
2025-10-18 14:02:20.893,2.3635490826415646,2.3635490826415646,2.3635490826415646,3933337108.219864
2025-10-18 15:01:58.406,2.365650145955093,2.365650145955093,2.365650145955093,3671999245.898129
2025-10-18 16:02:10.037,2.34841280870183,2.34841280870183,2.34841280870183,3384345321.5528483
2025-10-18 17:02:11.138,2.342458040868645,2.342458040868645,2.342458040868645,3172091601.018748
2025-10-18 18:02:21.180,2.360930669667672,2.360930669667672,2.360930669667672,3037992023.150987
2025-10-18 19:00:21.124,2.3639815672548807,2.3639815672548807,2.3639815672548807,2857642602.6003203
2025-10-18 20:02:59.230,2.366964445712607,2.366964445712607,2.366964445712607,2851767712.6734085
2025-10-18 21:01:36.538,2.36566888602357,2.36566888602357,2.36566888602357,2784301387.819236
2025-10-18 22:02:03.068,2.3625242900877588,2.3625242900877588,2.3625242900877588,2667248587.25352
2025-10-18 23:01:48.394,2.359856936284761,2.359856936284761,2.359856936284761,2569029948.1124706
2025-10-19 00:01:21.639,2.3596315316088416,2.3596315316088416,2.3596315316088416,2539623709.4048047
2025-10-19 01:02:10.514,2.3448075828763706,2.3448075828763706,2.3448075828763706,2479627371.864985
2025-10-19 02:02:44.941,2.349466814763517,2.349466814763517,2.349466814763517,2449534473.4525137
2025-10-19 03:02:37.766,2.3424416653909086,2.3424416653909086,2.3424416653909086,2308577230.084495
2025-10-19 04:03:08.667,2.36386493156558,2.36386493156558,2.36386493156558,2365383922.531113
2025-10-19 05:02:31.529,2.357633145568573,2.357633145568573,2.357633145568573,2281302271.1544223
2025-10-19 06:07:02.233,2.352968769130239,2.352968769130239,2.352968769130239,2275398940.281319
2025-10-19 07:02:08.271,2.3469737622429263,2.3469737622429263,2.3469737622429263,2155086396.532053
2025-10-19 08:01:25.710,2.3458860791816143,2.3458860791816143,2.3458860791816143,2077569755.0625825
2025-10-19 09:00:19.330,2.333463494252547,2.333463494252547,2.333463494252547,2213544407.326432
2025-10-19 10:02:19.426,2.369168267245112,2.369168267245112,2.369168267245112,2270895028.0132675
2025-10-19 11:01:37.683,2.379273730841279,2.379273730841279,2.379273730841279,2488987847.817142
2025-10-19 12:01:29.009,2.375986445358784,2.375986445358784,2.375986445358784,2551616477.421808
2025-10-19 13:01:29.954,2.370834736536336,2.370834736536336,2.370834736536336,2580577919.201556
2025-10-19 14:01:43.063,2.399950721288461,2.399950721288461,2.399950721288461,2639294022.36146
2025-10-19 15:02:29.172,2.409784732463077,2.409784732463077,2.409784732463077,2754247502.208137
2025-10-19 16:01:19.159,2.400544590915328,2.400544590915328,2.400544590915328,2687376752.2775264
2025-10-19 17:01:59.267,2.4025388289049188,2.4025388289049188,2.4025388289049188,2691181959.0085626
2025-10-19 18:04:58.833,2.3979594666197817,2.3979594666197817,2.3979594666197817,2846989313.1954384
2025-10-19 19:01:28.168,2.4098272043022395,2.4098272043022395,2.4098272043022395,2819995247.65716
2025-10-19 20:01:58.860,2.3975528938145034,2.3975528938145034,2.3975528938145034,2844841320.6078706
2025-10-19 21:01:13.291,2.4065946575982204,2.4065946575982204,2.4065946575982204,2892351894.2995224
2025-10-19 22:02:09.579,2.3955472820978034,2.3955472820978034,2.3955472820978034,2914377888.695398
2025-10-19 23:01:41.470,2.4034189367813816,2.4034189367813816,2.4034189367813816,2887241089.693088
2025-10-20 00:01:13.174,2.390346018545064,2.390346018545064,2.390346018545064,2907445876.1748214
2025-10-20 01:01:02.412,2.3798667758952345,2.3798667758952345,2.3798667758952345,3140749905.578695
2025-10-20 02:01:47.887,2.3726885191124185,2.3726885191124185,2.3726885191124185,3049523532.958559
2025-10-20 03:00:34.530,2.388663670932023,2.388663670932023,2.388663670932023,3267965457.554627
2025-10-20 04:02:21.507,2.43114073787822,2.43114073787822,2.43114073787822,3378059148.0322943
2025-10-20 05:01:56.810,2.445608229435991,2.445608229435991,2.445608229435991,3479616077.213757
2025-10-20 06:02:05.446,2.4536974824933924,2.4536974824933924,2.4536974824933924,3557189267.270984
2025-10-20 07:06:03.038,2.4687423963083965,2.4687423963083965,2.4687423963083965,3715440552.825467
2025-10-20 08:02:24.975,2.4642574393642955,2.4642574393642955,2.4642574393642955,3725051564.191154
2025-10-20 09:01:52.080,2.4723655811860925,2.4723655811860925,2.4723655811860925,3714873059.038079
2025-10-20 10:02:04.044,2.4672238398521107,2.4672238398521107,2.4672238398521107,3576031374.362138
2025-10-20 11:01:51.258,2.4658470332162152,2.4658470332162152,2.4658470332162152,3405456057.727086
2025-10-20 12:01:59.187,2.457783913112604,2.457783913112604,2.457783913112604,3331062412.1230984
2025-10-20 13:01:46.869,2.4521840115133795,2.4521840115133795,2.4521840115133795,3264802520.627334
2025-10-20 14:01:46.259,2.461530293417265,2.461530293417265,2.461530293417265,3473287121.545009
2025-10-20 15:01:35.236,2.4703707812908777,2.4703707812908777,2.4703707812908777,3446863195.7476654
2025-10-20 16:01:26.163,2.476250665700109,2.476250665700109,2.476250665700109,3461871590.562017
2025-10-20 17:01:53.496,2.4380407124440127,2.4380407124440127,2.4380407124440127,3517945938.47162
2025-10-20 18:06:03.012,2.458927690808629,2.458927690808629,2.458927690808629,3426108070.624943
2025-10-20 19:01:43.625,2.4735553025108827,2.4735553025108827,2.4735553025108827,3615669210.343098
2025-10-20 20:01:04.868,2.533592927682895,2.533592927682895,2.533592927682895,4027994578.867423
2025-10-20 21:01:30.826,2.523778069703804,2.523778069703804,2.523778069703804,4254331092.791464
2025-10-20 22:01:28.592,2.492771174916823,2.492771174916823,2.492771174916823,4267403898.043417
2025-10-20 23:01:46.947,2.5008475873885945,2.5008475873885945,2.5008475873885945,4234084986.939816
2025-10-21 00:01:13.949,2.494574251694319,2.494574251694319,2.494574251694319,4297009053.305667
2025-10-21 01:01:31.471,2.488783915244679,2.488783915244679,2.488783915244679,4153755071.5798697
2025-10-21 02:01:43.305,2.46965378981747,2.46965378981747,2.46965378981747,4188779860.15561
2025-10-21 03:01:53.150,2.4552267734340263,2.4552267734340263,2.4552267734340263,4148478941.7862406
2025-10-21 04:01:17.014,2.453076718464891,2.453076718464891,2.453076718464891,4115844326.401856
2025-10-21 05:02:25.725,2.422566003607387,2.422566003607387,2.422566003607387,4194434798.011416
2025-10-21 06:01:25.455,2.4263700534183514,2.4263700534183514,2.4263700534183514,4257709276.877007
2025-10-21 07:02:07.963,2.432567913487789,2.432567913487789,2.432567913487789,4243271121.873633
2025-10-21 08:02:09.099,2.4262055758250125,2.4262055758250125,2.4262055758250125,4160353534.803002
2025-10-21 09:01:08.653,2.4122851788067985,2.4122851788067985,2.4122851788067985,4188260550.3868375
2025-10-21 10:04:19.741,2.409026546249144,2.409026546249144,2.409026546249144,4101648273.741829
2025-10-21 11:02:15.353,2.4219573472273046,2.4219573472273046,2.4219573472273046,4240250322.934125
2025-10-21 12:02:38.407,2.4314875264871323,2.4314875264871323,2.4314875264871323,4234972325.320666
2025-10-21 13:01:37.805,2.431349038255732,2.431349038255732,2.431349038255732,4195205625.696222
2025-10-21 14:01:49.896,2.413725257471214,2.413725257471214,2.413725257471214,4303166624.350584
2025-10-21 15:01:49.648,2.4650072987137213,2.4650072987137213,2.4650072987137213,4478760677.62601
2025-10-21 16:01:20.799,2.5217514072565588,2.5217514072565588,2.5217514072565588,4841957664.596674
2025-10-21 17:01:51.448,2.507878043624548,2.507878043624548,2.507878043624548,4793598653.242223
2025-10-21 18:01:46.171,2.499255890529557,2.499255890529557,2.499255890529557,4987630129.331682
2025-10-21 19:03:06.015,2.484631955006601,2.484631955006601,2.484631955006601,4958030480.761823
2025-10-21 20:01:50.390,2.4979267265020897,2.4979267265020897,2.4979267265020897,4785749361.292658
2025-10-21 21:01:46.282,2.475112615189521,2.475112615189521,2.475112615189521,4604359428.14655
2025-10-21 22:01:12.156,2.4762207483605145,2.4762207483605145,2.4762207483605145,4495661590.40824
2025-10-21 23:03:41.861,2.443329019968189,2.443329019968189,2.443329019968189,4699489979.558525
2025-10-22 00:01:48.738,2.4235930180546776,2.4235930180546776,2.4235930180546776,4700479126.340988
2025-10-22 01:02:04.567,2.416182531031696,2.416182531031696,2.416182531031696,4815796317.794331
2025-10-22 02:01:28.384,2.423863242044287,2.423863242044287,2.423863242044287,4830681734.062363
2025-10-22 03:01:27.838,2.4253419171339043,2.4253419171339043,2.4253419171339043,4705123729.357454
2025-10-22 04:00:21.660,2.420874356735606,2.420874356735606,2.420874356735606,4764969074.887584
2025-10-22 05:01:08.443,2.4363105362202653,2.4363105362202653,2.4363105362202653,4565143618.665298
2025-10-22 06:01:50.032,2.402288914120273,2.402288914120273,2.402288914120273,4658082491.534849
2025-10-22 07:02:07.483,2.4060863217940813,2.4060863217940813,2.4060863217940813,4523297464.559101
2025-10-22 08:01:29.976,2.407554661016848,2.407554661016848,2.407554661016848,4558239552.445764
2025-10-22 09:03:31.708,2.400219589528179,2.400219589528179,2.400219589528179,4480148387.291168
2025-10-22 10:00:14.730,2.385175646918743,2.385175646918743,2.385175646918743,4555498641.040337
2025-10-22 11:01:25.638,2.382912796805567,2.382912796805567,2.382912796805567,4519125309.566146
2025-10-22 12:01:23.101,2.396056277660863,2.396056277660863,2.396056277660863,4720849328.526978
2025-10-22 13:01:50.680,2.401237509328921,2.401237509328921,2.401237509328921,4691388040.024488
2025-10-22 14:01:50.657,2.4018829571897675,2.4018829571897675,2.4018829571897675,4674487356.1869
2025-10-22 15:02:20.038,2.397760587657181,2.397760587657181,2.397760587657181,4735902279.308559
2025-10-22 16:00:31.428,2.399929515972728,2.399929515972728,2.399929515972728,4423805767.614776
2025-10-22 17:01:46.660,2.39876333618129,2.39876333618129,2.39876333618129,4421118336.895085
2025-10-22 18:06:08.946,2.379632072678566,2.379632072678566,2.379632072678566,4167172400.8848734
2025-10-22 19:01:23.726,2.37596078022194,2.37596078022194,2.37596078022194,4110681243.0394096
2025-10-22 20:01:10.802,2.374661852949265,2.374661852949265,2.374661852949265,4183034673.401759
2025-10-22 21:01:49.524,2.3669788931547853,2.3669788931547853,2.3669788931547853,4202626714.2376513
2025-10-22 22:01:57.677,2.3469353484957334,2.3469353484957334,2.3469353484957334,4346029678.985506
2025-10-22 23:01:24.819,2.338580514667147,2.338580514667147,2.338580514667147,4182494430.662829
2025-10-23 00:01:00.488,2.3637245370123927,2.3637245370123927,2.3637245370123927,4190508302.482317
2025-10-23 01:02:12.437,2.368308881556866,2.368308881556866,2.368308881556866,4100110346.742193
2025-10-23 02:06:41.568,2.370945674942772,2.370945674942772,2.370945674942772,3940389363.56693
2025-10-23 03:02:09.231,2.373432685818043,2.373432685818043,2.373432685818043,3965026165.316026
2025-10-23 04:01:38.384,2.379078920138249,2.379078920138249,2.379078920138249,4032944136.216431
2025-10-23 05:01:02.882,2.386661066664036,2.386661066664036,2.386661066664036,3995537485.067942
2025-10-23 06:01:02.928,2.3944758281425846,2.3944758281425846,2.3944758281425846,3754224064.417132
2025-10-23 07:01:43.673,2.416258654306832,2.416258654306832,2.416258654306832,3877099930.285502
2025-10-23 08:01:29.367,2.4083826426625587,2.4083826426625587,2.4083826426625587,3756523301.329902
2025-10-23 09:02:26.597,2.414648606994888,2.414648606994888,2.414648606994888,3918108499.5149465
2025-10-23 10:01:20.934,2.4088936186547327,2.4088936186547327,2.4088936186547327,3791538674.628985
2025-10-23 11:00:33.859,2.4124986225294194,2.4124986225294194,2.4124986225294194,3678038645.021412
2025-10-23 12:01:43.597,2.3934883126255264,2.3934883126255264,2.3934883126255264,3571598091.213899
2025-10-23 13:01:55.731,2.385387433244858,2.385387433244858,2.385387433244858,3671139243.3256407
2025-10-23 14:00:38.766,2.401548413699983,2.401548413699983,2.401548413699983,3659792428.5654736
2025-10-23 15:01:46.567,2.401067743970579,2.401067743970579,2.401067743970579,3460641262.575456
2025-10-23 16:01:56.727,2.4120036715056923,2.4120036715056923,2.4120036715056923,3406557823.233064
2025-10-23 17:00:35.278,2.407346600261683,2.407346600261683,2.407346600261683,3370678964.822546
2025-10-23 18:01:31.421,2.421638237104194,2.421638237104194,2.421638237104194,3404849521.360901
2025-10-23 19:01:59.787,2.403986841782161,2.403986841782161,2.403986841782161,3405619765.714958
2025-10-23 20:01:20.286,2.406959577168544,2.406959577168544,2.406959577168544,3351540499.1961284
2025-10-23 21:01:05.200,2.399749394504646,2.399749394504646,2.399749394504646,3123805597.9327526
2025-10-23 22:04:00.353,2.387039763196201,2.387039763196201,2.387039763196201,2939130273.1316366
2025-10-23 23:01:34.174,2.39603245970472,2.39603245970472,2.39603245970472,2932531801.381138
2025-10-24 00:01:33.958,2.3942046738111324,2.3942046738111324,2.3942046738111324,2805206365.048355
2025-10-24 01:01:47.136,2.4013963010190333,2.4013963010190333,2.4013963010190333,2932921311.266872
2025-10-24 02:32:47.973,2.392720374368063,2.392720374368063,2.392720374368063,2919921272.6659064
2025-10-24 03:01:56.198,2.403131725948682,2.403131725948682,2.403131725948682,2931334815.3433795
2025-10-24 04:01:16.504,2.4073100356570056,2.4073100356570056,2.4073100356570056,2879676446.824027
2025-10-24 05:01:19.119,2.4311999407083613,2.4311999407083613,2.4311999407083613,2954798675.4916368
2025-10-24 06:00:17.212,2.441460716327932,2.441460716327932,2.441460716327932,3050972631.601775
2025-10-24 07:00:43.490,2.443072522496027,2.443072522496027,2.443072522496027,3017641127.638008
2025-10-24 08:01:45.996,2.4370700130236367,2.4370700130236367,2.4370700130236367,3025026390.898206
2025-10-24 09:01:27.287,2.451658276722166,2.451658276722166,2.451658276722166,3061447483.2784176
2025-10-24 10:01:30.314,2.4568142224758,2.4568142224758,2.4568142224758,3081956570.490188
2025-10-24 11:02:00.887,2.4523251723834174,2.4523251723834174,2.4523251723834174,3074916375.311363
2025-10-24 12:01:26.081,2.4509600491684203,2.4509600491684203,2.4509600491684203,3151134408.8814325
2025-10-24 13:02:10.721,2.4766817093098994,2.4766817093098994,2.4766817093098994,3280297684.6630487
2025-10-24 14:01:36.288,2.498410434813315,2.498410434813315,2.498410434813315,3512064963.774233
2025-10-24 15:01:20.879,2.47508144701547,2.47508144701547,2.47508144701547,3698884296.1489534
2025-10-24 16:01:26.301,2.478519981004768,2.478519981004768,2.478519981004768,3770089288.444138
2025-10-24 17:00:57.096,2.4750716224650704,2.4750716224650704,2.4750716224650704,3828300386.709167
2025-10-24 18:01:39.984,2.480710611299377,2.480710611299377,2.480710611299377,3724722471.9676175
2025-10-24 19:01:52.430,2.4897583300627444,2.4897583300627444,2.4897583300627444,3666952046.569703
2025-10-24 20:01:51.344,2.5071158134605818,2.5071158134605818,2.5071158134605818,3896110064.159684
2025-10-24 21:01:22.745,2.509482476764125,2.509482476764125,2.509482476764125,3983411365.9701815
2025-10-24 22:01:40.441,2.5084499061074035,2.5084499061074035,2.5084499061074035,3950829737.40325
2025-10-24 23:01:18.594,2.51079219492705,2.51079219492705,2.51079219492705,3974430019.217835
2025-10-25 00:00:53.596,2.508279461558719,2.508279461558719,2.508279461558719,4013779178.598882
2025-10-25 01:01:19.966,2.523373500498654,2.523373500498654,2.523373500498654,4122081188.4367976
2025-10-25 02:01:16.905,2.5452041818365214,2.5452041818365214,2.5452041818365214,4254217811.532459
2025-10-25 03:01:30.845,2.5462359161418417,2.5462359161418417,2.5462359161418417,4345202484.186316
2025-10-25 04:02:04.231,2.5401723074520763,2.5401723074520763,2.5401723074520763,4283999266.8708353
2025-10-25 05:02:23.874,2.565276521659611,2.565276521659611,2.565276521659611,4397239268.836308
2025-10-25 06:01:48.588,2.55746652683454,2.55746652683454,2.55746652683454,4337360779.168209
2025-10-25 07:06:51.905,2.540345614768991,2.540345614768991,2.540345614768991,4230657492.757747
2025-10-25 08:01:28.754,2.5425845251636807,2.5425845251636807,2.5425845251636807,4083048210.4290814
2025-10-25 09:01:44.060,2.545793999353926,2.545793999353926,2.545793999353926,4170183305.2672815
2025-10-25 10:00:24.646,2.541030468703471,2.541030468703471,2.541030468703471,4134167312.2638426
2025-10-25 11:02:03.199,2.551470531537181,2.551470531537181,2.551470531537181,4152192030.542366
2025-10-25 12:00:33.288,2.566721570816978,2.566721570816978,2.566721570816978,4205627800.741073
2025-10-25 13:02:15.906,2.5813855808612534,2.5813855808612534,2.5813855808612534,4050954027.526392
2025-10-25 14:01:38.969,2.59159160744725,2.59159160744725,2.59159160744725,3903259714.3467073
2025-10-25 15:02:09.529,2.608418805605859,2.608418805605859,2.608418805605859,3787557507.216735
2025-10-25 16:01:34.296,2.603384213684409,2.603384213684409,2.603384213684409,3677507731.145804
2025-10-25 17:00:09.081,2.5908870873113417,2.5908870873113417,2.5908870873113417,3522908780.077641
2025-10-25 18:02:17.302,2.5973051539200096,2.5973051539200096,2.5973051539200096,3655388953.989434
2025-10-25 19:01:13.021,2.640902893055576,2.640902893055576,2.640902893055576,3592001645.1075864
2025-10-25 20:01:57.441,2.61198679481034,2.61198679481034,2.61198679481034,3728003893.740229
2025-10-25 21:00:59.345,2.60195128709082,2.60195128709082,2.60195128709082,3668301543.291558
2025-10-25 22:01:54.163,2.5966634563401327,2.5966634563401327,2.5966634563401327,3494232232.448291
2025-10-25 23:01:52.569,2.600243505805044,2.600243505805044,2.600243505805044,3523899526.8577785
2025-10-26 00:00:55.146,2.5952603071088585,2.5952603071088585,2.5952603071088585,3485093891.387376
2025-10-26 01:01:33.450,2.618412651169603,2.618412651169603,2.618412651169603,3503682098.3772774
2025-10-26 02:01:25.656,2.619176162041783,2.619176162041783,2.619176162041783,3304187588.486001
2025-10-26 03:01:17.295,2.5983572871143608,2.5983572871143608,2.5983572871143608,3309621536.6794205
2025-10-26 04:01:31.466,2.601339835205482,2.601339835205482,2.601339835205482,3218502059.759337
2025-10-26 05:01:22.619,2.61083831391254,2.61083831391254,2.61083831391254,3086418937.9447303
2025-10-26 06:02:07.660,2.6164345005766823,2.6164345005766823,2.6164345005766823,3021187217.949226
2025-10-26 07:01:52.470,2.6200710645316017,2.6200710645316017,2.6200710645316017,3052174270.593486
2025-10-26 08:00:55.778,2.623393386029279,2.623393386029279,2.623393386029279,2972487154.2956285
2025-10-26 09:02:02.848,2.633707341099311,2.633707341099311,2.633707341099311,3087380355.497611
2025-10-26 10:01:49.660,2.6434374396602296,2.6434374396602296,2.6434374396602296,3317947993.5920315
2025-10-26 11:01:57.091,2.6302923655960813,2.6302923655960813,2.6302923655960813,3176278789.7039566
2025-10-26 12:00:33.393,2.6460684928171547,2.6460684928171547,2.6460684928171547,3326475268.606177
2025-10-26 13:02:18.521,2.639462526671115,2.639462526671115,2.639462526671115,3285385858.5950584
2025-10-26 14:01:50.559,2.6444123619437607,2.6444123619437607,2.6444123619437607,3316135560.5217843
2025-10-26 15:01:57.178,2.6391612366970185,2.6391612366970185,2.6391612366970185,3135305202.7623844
2025-10-26 16:01:44.327,2.640266014209478,2.640266014209478,2.640266014209478,3091022825.5672727
2025-10-26 17:06:22.315,2.6265570401781515,2.6265570401781515,2.6265570401781515,3041250543.1526084
2025-10-26 18:02:12.681,2.6230802879760384,2.6230802879760384,2.6230802879760384,3107817411.547362
2025-10-26 19:02:02.580,2.6243115339908774,2.6243115339908774,2.6243115339908774,3059390508.6379724
2025-10-26 20:05:32.941,2.6118994903684203,2.6118994903684203,2.6118994903684203,2984759213.4837656
2025-10-26 21:01:02.629,2.611424991717449,2.611424991717449,2.611424991717449,2977953174.158244
2025-10-26 22:01:43.450,2.6219378889798013,2.6219378889798013,2.6219378889798013,2961915688.9690986
2025-10-26 23:01:54.842,2.6530367220706297,2.6530367220706297,2.6530367220706297,3283559481.801719
2025-10-27 00:00:20.491,2.645881508384711,2.645881508384711,2.645881508384711,3352897036.201619
2025-10-27 01:01:58.699,2.650349911396812,2.650349911396812,2.650349911396812,3422890247.997673
2025-10-27 02:00:33.381,2.664268621492831,2.664268621492831,2.664268621492831,3482418679.1115103
2025-10-27 03:00:17.707,2.6454566297594835,2.6454566297594835,2.6454566297594835,3494491111.4826174
2025-10-27 04:01:04.862,2.633455963161781,2.633455963161781,2.633455963161781,3604419693.855339
2025-10-27 05:01:45.434,2.645203235134813,2.645203235134813,2.645203235134813,3684091768.755741
2025-10-27 06:01:17.769,2.645609368792779,2.645609368792779,2.645609368792779,3814756333.834168
2025-10-27 07:01:42.657,2.6514280207441465,2.6514280207441465,2.6514280207441465,3915689763.961972
2025-10-27 08:01:00.765,2.6301893210374554,2.6301893210374554,2.6301893210374554,3965193244.160951
2025-10-27 09:00:23.140,2.624863373851513,2.624863373851513,2.624863373851513,4072938576.4096
2025-10-27 10:00:59.813,2.612622660101375,2.612622660101375,2.612622660101375,3909878197.490519
2025-10-27 11:01:42.204,2.625937453295038,2.625937453295038,2.625937453295038,4009653588.500098
2025-10-27 12:01:17.449,2.6285008493916213,2.6285008493916213,2.6285008493916213,3961567304.769542
2025-10-27 13:01:32.226,2.629482895382297,2.629482895382297,2.629482895382297,3830970961.261232
2025-10-27 14:02:10.390,2.6244956114729985,2.6244956114729985,2.6244956114729985,3958290007.167371
2025-10-27 15:02:16.174,2.6236923825737755,2.6236923825737755,2.6236923825737755,4000641959.7563386
2025-10-27 16:02:08.661,2.6562390656655865,2.6562390656655865,2.6562390656655865,4218761052.519548
2025-10-27 17:00:55.063,2.685597728266074,2.685597728266074,2.685597728266074,4444597358.148669
2025-10-27 18:01:59.556,2.684762188679591,2.684762188679591,2.684762188679591,4573462204.015065
2025-10-27 19:01:20.309,2.689504285365585,2.689504285365585,2.689504285365585,4583290199.733861
2025-10-27 20:01:14.359,2.6700366967489644,2.6700366967489644,2.6700366967489644,4736434059.333608
2025-10-27 21:02:13.787,2.6378411820431795,2.6378411820431795,2.6378411820431795,4805850494.991383
2025-10-27 22:01:48.331,2.6458257718035583,2.6458257718035583,2.6458257718035583,4802752365.876799
2025-10-27 23:05:38.423,2.637370203146238,2.637370203146238,2.637370203146238,4588593505.466657
2025-10-28 00:01:16.614,2.6352743169545323,2.6352743169545323,2.6352743169545323,4581419643.337282
2025-10-28 01:03:51.497,2.640656261219318,2.640656261219318,2.640656261219318,4492275451.703045
2025-10-28 02:01:24.296,2.6409866778173567,2.6409866778173567,2.6409866778173567,4431469252.854557
2025-10-28 03:00:19.425,2.621160910828184,2.621160910828184,2.621160910828184,4403009526.938472
2025-10-28 04:01:25.243,2.629101929529603,2.629101929529603,2.629101929529603,4398595675.835588
2025-10-28 05:01:23.742,2.6331317337034807,2.6331317337034807,2.6331317337034807,4410876116.849991
2025-10-28 06:01:50.441,2.622235364935676,2.622235364935676,2.622235364935676,4357682844.34203
2025-10-28 07:01:40.163,2.644773001929483,2.644773001929483,2.644773001929483,4386772553.835166
2025-10-28 08:01:26.328,2.6407838503158687,2.6407838503158687,2.6407838503158687,4400690933.036675
2025-10-28 09:01:53.077,2.6571548968337466,2.6571548968337466,2.6571548968337466,4352546367.779914
2025-10-28 10:02:40.156,2.6655551888088427,2.6655551888088427,2.6655551888088427,4261462377.957736
2025-10-28 11:01:54.765,2.6560516487399566,2.6560516487399566,2.6560516487399566,4203393396.996829
2025-10-28 12:01:58.487,2.641574290117283,2.641574290117283,2.641574290117283,4122227458.2747207
2025-10-28 13:06:17.649,2.6683157365526577,2.6683157365526577,2.6683157365526577,4319181090.082412
2025-10-28 14:02:08.177,2.6696439364323807,2.6696439364323807,2.6696439364323807,4406090364.034101
2025-10-28 15:01:47.072,2.6276183541828075,2.6276183541828075,2.6276183541828075,4618075048.921639
2025-10-28 16:01:37.627,2.637304399809117,2.637304399809117,2.637304399809117,4631461890.612486
2025-10-28 17:01:54.740,2.649622374608892,2.649622374608892,2.649622374608892,4562957329.288122
2025-10-28 18:01:51.835,2.6592292561789512,2.6592292561789512,2.6592292561789512,4563263467.452572
2025-10-28 19:01:38.580,2.6641097449962494,2.6641097449962494,2.6641097449962494,4560760679.534971
2025-10-28 20:01:44.927,2.622447200843561,2.622447200843561,2.622447200843561,4623506273.960665
2025-10-28 21:01:40.199,2.600692525950133,2.600692525950133,2.600692525950133,4892395613.317685
2025-10-28 22:05:06.122,2.597648506778017,2.597648506778017,2.597648506778017,5120754987.559096
2025-10-28 23:02:22.005,2.6119998203093835,2.6119998203093835,2.6119998203093835,5150816454.506737
2025-10-29 00:01:47.743,2.607884184498703,2.607884184498703,2.607884184498703,5077371785.758396
2025-10-29 01:01:14.502,2.611457267209473,2.611457267209473,2.611457267209473,5320367759.532758
2025-10-29 02:01:43.187,2.6114818335006715,2.6114818335006715,2.6114818335006715,5382705126.367932
2025-10-29 03:02:04.338,2.6175316635792267,2.6175316635792267,2.6175316635792267,5352512489.045778
2025-10-29 04:01:08.179,2.6091300428956807,2.6091300428956807,2.6091300428956807,5201795638.497572
2025-10-29 05:01:31.012,2.6198362492430234,2.6198362492430234,2.6198362492430234,5225061989.60047
2025-10-29 06:01:49.350,2.6193187461117144,2.6193187461117144,2.6193187461117144,5199409661.163896
2025-10-29 07:02:39.000,2.632844580139986,2.632844580139986,2.632844580139986,5117982258.725169
2025-10-29 08:00:15.940,2.6327462241452366,2.6327462241452366,2.6327462241452366,5044817387.826498
2025-10-29 09:01:41.932,2.628987546437279,2.628987546437279,2.628987546437279,4994954213.089106
2025-10-29 10:01:35.645,2.6509696816717327,2.6509696816717327,2.6509696816717327,5015610830.58353
2025-10-29 11:01:48.591,2.643935128558893,2.643935128558893,2.643935128558893,5127741953.19711
2025-10-29 12:02:18.090,2.650224100012786,2.650224100012786,2.650224100012786,5033480078.91804
2025-10-29 13:05:50.056,2.657431088834541,2.657431088834541,2.657431088834541,5025661729.270133
2025-10-29 14:02:11.634,2.636411548563737,2.636411548563737,2.636411548563737,4908157032.552434
2025-10-29 15:02:01.972,2.638538356363575,2.638538356363575,2.638538356363575,4652560242.105263
2025-10-29 16:01:38.618,2.621070673485073,2.621070673485073,2.621070673485073,4579104800.784696
2025-10-29 17:01:50.896,2.6305097833261497,2.6305097833261497,2.6305097833261497,4547138195.427234
2025-10-29 18:01:38.107,2.6495637166306394,2.6495637166306394,2.6495637166306394,4506468667.892684
2025-10-29 19:02:21.654,2.608857637071939,2.608857637071939,2.608857637071939,5134901230.68919
2025-10-29 20:01:15.915,2.587282040253095,2.587282040253095,2.587282040253095,5163818661.457114
2025-10-29 21:01:51.593,2.596225019264707,2.596225019264707,2.596225019264707,4961185964.011386
2025-10-29 22:01:58.064,2.6085747800697434,2.6085747800697434,2.6085747800697434,4752278363.03028
2025-10-29 23:01:44.165,2.5976646683863835,2.5976646683863835,2.5976646683863835,4550865054.416662
2025-10-30 00:01:56.362,2.552145580993161,2.552145580993161,2.552145580993161,4668881978.998613
2025-10-30 01:05:54.965,2.559853752107687,2.559853752107687,2.559853752107687,4774028690.239333
2025-10-30 02:01:47.356,2.5783628707234927,2.5783628707234927,2.5783628707234927,4768486497.664478
2025-10-30 03:02:02.564,2.5855703072205247,2.5855703072205247,2.5855703072205247,4796417831.816103
2025-10-30 04:02:06.546,2.576384360577363,2.576384360577363,2.576384360577363,4703197759.584163
2025-10-30 05:06:32.175,2.512593083336126,2.512593083336126,2.512593083336126,5212425342.181383
2025-10-30 06:01:47.302,2.560484150915676,2.560484150915676,2.560484150915676,5351177018.898551
2025-10-30 07:01:20.691,2.5722157839594537,2.5722157839594537,2.5722157839594537,5405941255.169667
2025-10-30 08:01:45.195,2.5832281139117,2.5832281139117,2.5832281139117,5550633854.643603
2025-10-30 09:02:02.270,2.581256922767162,2.581256922767162,2.581256922767162,5563457583.435128
2025-10-30 10:02:08.996,2.558824337355593,2.558824337355593,2.558824337355593,5460739064.673857
2025-10-30 11:01:38.110,2.552955077015567,2.552955077015567,2.552955077015567,5445200428.784759
2025-10-30 12:00:20.351,2.547850638201731,2.547850638201731,2.547850638201731,5383166641.641439
2025-10-30 13:01:03.281,2.498070773337598,2.498070773337598,2.498070773337598,5625861236.780979
2025-10-30 14:02:09.372,2.4743357787096727,2.4743357787096727,2.4743357787096727,5910776335.709134
2025-10-30 15:01:54.664,2.4740755719238923,2.4740755719238923,2.4740755719238923,6017085476.077049
2025-10-30 16:01:36.049,2.452258354467104,2.452258354467104,2.452258354467104,5913089431.471012
2025-10-30 17:01:58.412,2.459005119244184,2.459005119244184,2.459005119244184,6051124540.081921
2025-10-30 18:01:06.748,2.450293126982175,2.450293126982175,2.450293126982175,6045685434.071988
2025-10-30 19:01:53.323,2.423768320540776,2.423768320540776,2.423768320540776,5529201868.560426
2025-10-30 20:00:59.115,2.4016892009771933,2.4016892009771933,2.4016892009771933,5501716220.358417
2025-10-30 21:14:37.116,2.4244883945854983,2.4244883945854983,2.4244883945854983,5570417951.75664
2025-10-30 22:01:05.260,2.4277990069455684,2.4277990069455684,2.4277990069455684,5622748009.106275
2025-10-30 23:01:15.993,2.433033002609398,2.433033002609398,2.433033002609398,5667120115.013267
2025-10-31 00:01:55.675,2.437336501180224,2.437336501180224,2.437336501180224,5582711994.939218
2025-10-31 01:01:44.748,2.455594096551969,2.455594096551969,2.455594096551969,5576582763.6701765
2025-10-31 02:01:54.355,2.4789972266870084,2.4789972266870084,2.4789972266870084,5613532495.77865
2025-10-31 03:00:22.000,2.46180049842042,2.46180049842042,2.46180049842042,5562105458.037054
2025-10-31 04:01:40.286,2.464676465788197,2.464676465788197,2.464676465788197,5596081894.687866
2025-10-31 05:01:42.154,2.488752427993713,2.488752427993713,2.488752427993713,5233129400.332654
2025-10-31 06:01:25.782,2.483962248791126,2.483962248791126,2.483962248791126,5034021576.309127
2025-10-31 07:01:11.190,2.4805683960042755,2.4805683960042755,2.4805683960042755,4906952324.805525
2025-10-31 08:00:55.171,2.473716160214787,2.473716160214787,2.473716160214787,5023335754.587004
2025-10-31 09:01:23.630,2.485694219479626,2.485694219479626,2.485694219479626,5057554457.554264
2025-10-31 10:04:54.078,2.485369065107283,2.485369065107283,2.485369065107283,5034510317.729656
2025-10-31 11:00:51.218,2.502451406514901,2.502451406514901,2.502451406514901,5055011896.474281
2025-10-31 12:02:10.226,2.503205195234313,2.503205195234313,2.503205195234313,5078266536.552894
2025-10-31 13:02:29.075,2.510341415907562,2.510341415907562,2.510341415907562,4961232426.891604
2025-10-31 14:01:14.638,2.505097311451677,2.505097311451677,2.505097311451677,4753717755.605948
2025-10-31 15:01:36.375,2.501392242892646,2.501392242892646,2.501392242892646,4673685084.789266
2025-10-31 16:00:48.896,2.531130655684951,2.531130655684951,2.531130655684951,4974650273.653194
2025-10-31 17:02:06.421,2.5067032586029345,2.5067032586029345,2.5067032586029345,5031753991.721985
2025-10-31 18:01:30.783,2.507710089628552,2.507710089628552,2.507710089628552,5007759587.502329
2025-10-31 19:01:41.747,2.515679328995882,2.515679328995882,2.515679328995882,5009655514.141368
2025-10-31 20:00:58.008,2.54260387222035,2.54260387222035,2.54260387222035,4912701493.412293
2025-10-31 21:01:27.457,2.512226217131853,2.512226217131853,2.512226217131853,4693921523.176113
2025-10-31 22:00:56.119,2.5179742179543645,2.5179742179543645,2.5179742179543645,4618182072.165112
2025-10-31 23:01:33.942,2.506156725193472,2.506156725193472,2.506156725193472,4367319173.017976
2025-11-01 00:01:42.195,2.508113131691548,2.508113131691548,2.508113131691548,4396874744.250804
2025-11-01 01:01:36.437,2.499455893789138,2.499455893789138,2.499455893789138,4277933055.958537
2025-11-01 02:01:06.795,2.4998844126125133,2.4998844126125133,2.4998844126125133,4012638964.574796
2025-11-01 03:00:49.201,2.5027542750422795,2.5027542750422795,2.5027542750422795,4066559104.463978
2025-11-01 04:02:45.115,2.5141652608016827,2.5141652608016827,2.5141652608016827,3867570349.049298
2025-11-01 05:06:28.879,2.5136273794740185,2.5136273794740185,2.5136273794740185,3899132163.408176
2025-11-01 06:01:18.994,2.508959261670172,2.508959261670172,2.508959261670172,3781184555.645072
2025-11-01 07:01:24.846,2.4987087222118465,2.4987087222118465,2.4987087222118465,3756071690.055112
2025-11-01 08:01:16.296,2.501717281893455,2.501717281893455,2.501717281893455,3696368823.664969
2025-11-01 09:02:03.019,2.5092090484354315,2.5092090484354315,2.5092090484354315,3637502979.3754086
2025-11-01 10:01:17.707,2.5022489050564536,2.5022489050564536,2.5022489050564536,3506258762.572569
2025-11-01 11:07:26.720,2.5086727958664614,2.5086727958664614,2.5086727958664614,3530430699.2111096
2025-11-01 12:01:15.922,2.5022536781641462,2.5022536781641462,2.5022536781641462,3397655909.6059213
2025-11-01 13:00:23.892,2.492720805742744,2.492720805742744,2.492720805742744,3275725224.373089
2025-11-01 14:01:07.905,2.4893144016024427,2.4893144016024427,2.4893144016024427,3070121000.233266
2025-11-01 15:01:45.468,2.48292542361128,2.48292542361128,2.48292542361128,3050567482.42642
2025-11-01 16:02:17.494,2.496209864322036,2.496209864322036,2.496209864322036,2551439161.8452034
2025-11-01 17:01:01.341,2.5087257220588564,2.5087257220588564,2.5087257220588564,2356622450.102402
2025-11-01 18:01:22.963,2.505591872740361,2.505591872740361,2.505591872740361,2257093192.597538
2025-11-01 19:01:05.526,2.503595750590316,2.503595750590316,2.503595750590316,2130700458.2359405
2025-11-01 20:01:08.757,2.504588558648517,2.504588558648517,2.504588558648517,2010074944.86725
2025-11-01 21:02:20.862,2.507840473883152,2.507840473883152,2.507840473883152,1868030250.9200475
2025-11-01 22:01:45.700,2.49797407726648,2.49797407726648,2.49797407726648,1820237199.557923
2025-11-01 23:01:12.938,2.4995608926149244,2.4995608926149244,2.4995608926149244,1789981733.2734349
2025-11-02 00:02:18.734,2.5046915174642344,2.5046915174642344,2.5046915174642344,1732607595.2727642
2025-11-02 01:01:09.001,2.5003194914578333,2.5003194914578333,2.5003194914578333,1697969977.0491643
2025-11-02 02:01:57.558,2.496640804791917,2.496640804791917,2.496640804791917,1706928056.7251222
2025-11-02 03:01:53.240,2.510658367540787,2.510658367540787,2.510658367540787,1614746124.378565
2025-11-02 04:01:33.290,2.506640129116844,2.506640129116844,2.506640129116844,1699309922.3960671
2025-11-02 05:01:20.764,2.524194015473649,2.524194015473649,2.524194015473649,1718985212.8832018
2025-11-02 06:01:24.809,2.516864115742316,2.516864115742316,2.516864115742316,1702158734.6266258
2025-11-02 07:01:39.795,2.522419666517149,2.522419666517149,2.522419666517149,1732609793.363311
2025-11-02 08:01:22.269,2.532652429608719,2.532652429608719,2.532652429608719,1779949637.9723663
2025-11-02 09:02:04.398,2.526820497164622,2.526820497164622,2.526820497164622,1756645081.332854
2025-11-02 10:01:37.229,2.519444834912031,2.519444834912031,2.519444834912031,1774762136.7439775
2025-11-02 11:01:37.744,2.513755411669096,2.513755411669096,2.513755411669096,1820222089.6316
2025-11-02 12:01:53.461,2.543339446184143,2.543339446184143,2.543339446184143,1955590202.1425369
2025-11-02 13:03:17.418,2.538339304394136,2.538339304394136,2.538339304394136,1985687803.4230905
2025-11-02 14:01:51.613,2.525525238631663,2.525525238631663,2.525525238631663,1979842022.785263
2025-11-02 15:01:06.543,2.51394166600088,2.51394166600088,2.51394166600088,1975469734.9071364
2025-11-02 16:01:42.724,2.5055326994043225,2.5055326994043225,2.5055326994043225,1933781007.127821
2025-11-02 17:02:04.756,2.50140746744485,2.50140746744485,2.50140746744485,1978897675.901972
2025-11-02 18:01:34.304,2.4951099171407805,2.4951099171407805,2.4951099171407805,1851747502.0175364
2025-11-02 19:01:45.604,2.4962756474395302,2.4962756474395302,2.4962756474395302,1993080966.9597964
2025-11-02 20:06:16.647,2.486622665644036,2.486622665644036,2.486622665644036,2006748174.178988
2025-11-02 21:01:50.189,2.4934905375652843,2.4934905375652843,2.4934905375652843,2026665237.5881896
2025-11-02 22:02:21.574,2.5122669485316,2.5122669485316,2.5122669485316,2137901008.6216943
2025-11-02 23:02:26.630,2.4957527450152392,2.4957527450152392,2.4957527450152392,2083428963.4356449
2025-11-03 00:02:08.335,2.527623366103904,2.527623366103904,2.527623366103904,2165286881.620203
2025-11-03 01:00:31.754,2.5075335422583818,2.5075335422583818,2.5075335422583818,2295624075.6575003
2025-11-03 02:01:25.295,2.4931827224528025,2.4931827224528025,2.4931827224528025,2330199888.4626155
2025-11-03 03:01:44.187,2.4678130832109866,2.4678130832109866,2.4678130832109866,2469462724.8477726
2025-11-03 04:01:08.938,2.429126720433429,2.429126720433429,2.429126720433429,2658638076.3254414
2025-11-03 05:01:27.899,2.443379733888303,2.443379733888303,2.443379733888303,2801655850.2358384
2025-11-03 06:01:19.274,2.429865596327529,2.429865596327529,2.429865596327529,2853370074.38676
2025-11-03 07:02:10.357,2.402109589629441,2.402109589629441,2.402109589629441,3104072454.645012
2025-11-03 08:01:56.301,2.4147545058375206,2.4147545058375206,2.4147545058375206,3231539357.745024
2025-11-03 09:01:08.753,2.410005772796074,2.410005772796074,2.410005772796074,3335057452.684581
2025-11-03 10:02:01.670,2.4043752618928624,2.4043752618928624,2.4043752618928624,3421514685.066937
2025-11-03 11:02:35.593,2.390222850339931,2.390222850339931,2.390222850339931,3463344794.9584703
2025-11-03 12:01:43.232,2.4066463911245912,2.4066463911245912,2.4066463911245912,3523269601.300378
2025-11-03 13:01:01.525,2.406164490990305,2.406164490990305,2.406164490990305,3563655047.988588
2025-11-03 14:01:27.042,2.414612676441733,2.414612676441733,2.414612676441733,3716178507.771268
2025-11-03 15:02:00.734,2.4207791511881616,2.4207791511881616,2.4207791511881616,3789616891.465855
2025-11-03 16:01:25.302,2.3336304643528263,2.3336304643528263,2.3336304643528263,4378071832.058843
2025-11-03 17:02:32.478,2.3726126741020126,2.3726126741020126,2.3726126741020126,4753008758.524333
2025-11-03 18:06:17.574,2.381188834197245,2.381188834197245,2.381188834197245,4983876672.79334
2025-11-03 19:01:07.647,2.3496034845635547,2.3496034845635547,2.3496034845635547,5067347925.292731
2025-11-03 20:00:12.528,2.3360397169997182,2.3360397169997182,2.3360397169997182,5145473328.24709
2025-11-03 21:01:41.884,2.272852295554572,2.272852295554572,2.272852295554572,5396602547.02349
2025-11-03 22:01:43.403,2.309199431614205,2.309199431614205,2.309199431614205,5753416453.764538
2025-11-03 23:05:03.962,2.299433788157126,2.299433788157126,2.299433788157126,5939649448.854252
2025-11-04 00:01:33.587,2.3075208080429306,2.3075208080429306,2.3075208080429306,5863736751.851877
2025-11-04 01:01:39.932,2.336435427533874,2.336435427533874,2.336435427533874,6119957188.843998
2025-11-04 02:00:57.797,2.340068808173878,2.340068808173878,2.340068808173878,6218701703.620961
2025-11-04 03:01:46.357,2.3392931920256768,2.3392931920256768,2.3392931920256768,6127802135.821961
2025-11-04 04:25:53.254,2.3534576349866443,2.3534576349866443,2.3534576349866443,6019747082.153546
2025-11-04 05:01:17.253,2.3383578410103483,2.3383578410103483,2.3383578410103483,6002967421.605375
2025-11-04 06:01:40.122,2.2616110128542632,2.2616110128542632,2.2616110128542632,6174136020.010981
2025-11-04 07:01:57.222,2.2748495517734075,2.2748495517734075,2.2748495517734075,6421751752.151694
2025-11-04 08:01:30.846,2.2416408276990163,2.2416408276990163,2.2416408276990163,6657026615.7952
2025-11-04 09:00:59.801,2.259671298566573,2.259671298566573,2.259671298566573,6880097324.645336
2025-11-04 10:02:07.689,2.254195111048692,2.254195111048692,2.254195111048692,6972715743.235843
2025-11-04 11:13:10.528,2.263434187391791,2.263434187391791,2.263434187391791,7038133774.071014
2025-11-04 12:01:45.483,2.275048598946158,2.275048598946158,2.275048598946158,6978167523.334257
2025-11-04 13:00:40.425,2.263921491822255,2.263921491822255,2.263921491822255,6953468594.99485
2025-11-04 14:01:02.549,2.263038142518366,2.263038142518366,2.263038142518366,7075908648.303936
2025-11-04 15:01:53.828,2.302687137028632,2.302687137028632,2.302687137028632,7391646968.92385
2025-11-04 16:01:48.463,2.2991782098160582,2.2991782098160582,2.2991782098160582,7594578197.391875
2025-11-04 17:01:07.198,2.2364217297448827,2.2364217297448827,2.2364217297448827,6847451052.059902
2025-11-04 18:02:06.539,2.23284618079689,2.23284618079689,2.23284618079689,7174003613.733328
2025-11-04 19:05:59.311,2.2106384582455805,2.2106384582455805,2.2106384582455805,7635847937.887574
2025-11-04 20:01:43.357,2.1762404052043047,2.1762404052043047,2.1762404052043047,7720101987.17143
2025-11-04 21:01:40.988,2.162543899444409,2.162543899444409,2.162543899444409,8161852713.259361
2025-11-04 22:01:47.528,2.119217843616931,2.119217843616931,2.119217843616931,8442027795.637919
2025-11-04 23:01:09.522,2.2117443541012936,2.2117443541012936,2.2117443541012936,9031969786.49838
2025-11-05 00:01:09.085,2.209001299834111,2.209001299834111,2.209001299834111,9103792897.630655
2025-11-05 01:01:01.949,2.171274433926804,2.171274433926804,2.171274433926804,9073783751.130724
2025-11-05 02:01:37.121,2.154396117028964,2.154396117028964,2.154396117028964,10291592292.006891
2025-11-05 03:01:30.934,2.2213974057298844,2.2213974057298844,2.2213974057298844,9728525950.3226
2025-11-05 04:04:37.088,2.2429438176764966,2.2429438176764966,2.2429438176764966,9883294967.06758
2025-11-05 05:01:09.050,2.2440105051936072,2.2440105051936072,2.2440105051936072,9959096585.82397
2025-11-05 06:01:51.016,2.241285746469491,2.241285746469491,2.241285746469491,9725234074.600344
2025-11-05 07:02:13.961,2.247932652795013,2.247932652795013,2.247932652795013,9486273668.788927
2025-11-05 08:01:45.432,2.2486473697001594,2.2486473697001594,2.2486473697001594,9127674941.666758
2025-11-05 09:01:45.838,2.218674688203928,2.218674688203928,2.218674688203928,8928610241.037241
2025-11-05 10:01:31.784,2.2351112913697424,2.2351112913697424,2.2351112913697424,8846685149.686026
2025-11-05 11:02:20.873,2.211850799314065,2.211850799314065,2.211850799314065,8716613041.991432
2025-11-05 12:01:07.220,2.2378432582098373,2.2378432582098373,2.2378432582098373,8689199183.16987
2025-11-05 13:02:02.595,2.2436795771259583,2.2436795771259583,2.2436795771259583,8690692537.620832
2025-11-05 14:01:55.587,2.2689723831790576,2.2689723831790576,2.2689723831790576,8757824012.005642
2025-11-05 15:01:42.162,2.2666226808302974,2.2666226808302974,2.2666226808302974,8682951857.067738
2025-11-05 16:02:20.422,2.272174808870912,2.272174808870912,2.272174808870912,8643872825.997236
2025-11-05 17:01:14.666,2.284417263104837,2.284417263104837,2.284417263104837,8562772588.998505
2025-11-05 18:06:50.092,2.280751639470921,2.280751639470921,2.280751639470921,8133890433.218287
2025-11-05 19:01:32.985,2.300238355971277,2.300238355971277,2.300238355971277,7847558562.258916
2025-11-05 20:00:42.798,2.322296925005762,2.322296925005762,2.322296925005762,7757562141.991997
2025-11-05 21:01:50.443,2.3659591143212086,2.3659591143212086,2.3659591143212086,7409332980.412658
2025-11-05 22:00:20.165,2.343267376946058,2.343267376946058,2.343267376946058,6897358114.923194
2025-11-05 23:01:22.610,2.3544982609822456,2.3544982609822456,2.3544982609822456,6515864713.833932
2025-11-06 00:01:57.915,2.34683004244604,2.34683004244604,2.34683004244604,6437838342.036748
2025-11-06 01:01:12.092,2.3450217642958786,2.3450217642958786,2.3450217642958786,6226388579.027609
2025-11-06 02:01:57.647,2.339420866636136,2.339420866636136,2.339420866636136,6033514208.182039
2025-11-06 03:01:09.189,2.3811309533360547,2.3811309533360547,2.3811309533360547,5941237582.056843
2025-11-06 04:01:38.346,2.361800629024369,2.361800629024369,2.361800629024369,5887576479.36161
2025-11-06 05:00:40.695,2.360462169229359,2.360462169229359,2.360462169229359,5730446607.535639
2025-11-06 06:01:08.766,2.3288685283643,2.3288685283643,2.3288685283643,5525389197.798977
2025-11-06 07:02:18.893,2.3235169241441747,2.3235169241441747,2.3235169241441747,5600092678.155179
2025-11-06 08:00:57.359,2.326769428634256,2.326769428634256,2.326769428634256,5576667185.318964
2025-11-06 09:01:32.580,2.318325307351563,2.318325307351563,2.318325307351563,5496927671.240634
2025-11-06 10:01:50.284,2.30744653886916,2.30744653886916,2.30744653886916,5496226645.585106
2025-11-06 11:01:21.028,2.30532662618336,2.30532662618336,2.30532662618336,5477565249.96405
2025-11-06 12:02:10.488,2.297700295144752,2.297700295144752,2.297700295144752,5514954245.034693
2025-11-06 13:01:43.498,2.2786316374554443,2.2786316374554443,2.2786316374554443,5510888579.825712
2025-11-06 14:01:43.098,2.3041904026918227,2.3041904026918227,2.3041904026918227,5563427922.399891
2025-11-06 15:01:45.815,2.266822678494382,2.266822678494382,2.266822678494382,5358135029.150727
2025-11-06 16:01:29.301,2.234974735063916,2.234974735063916,2.234974735063916,5398449280.568519
2025-11-06 17:01:42.512,2.2252281056780867,2.2252281056780867,2.2252281056780867,5484941069.420652
2025-11-06 18:01:09.014,2.2402681878358086,2.2402681878358086,2.2402681878358086,5660856779.173976
2025-11-06 19:02:08.834,2.2369549388333017,2.2369549388333017,2.2369549388333017,5719111507.467743
2025-11-06 20:01:25.027,2.2108655309159264,2.2108655309159264,2.2108655309159264,5561625361.356758
2025-11-06 21:01:29.182,2.1901127384459023,2.1901127384459023,2.1901127384459023,5381961096.276343
2025-11-06 22:06:32.238,2.214039034302932,2.214039034302932,2.214039034302932,5369790091.453575
2025-11-06 23:01:42.241,2.2146541327228424,2.2146541327228424,2.2146541327228424,5405399056.369307
2025-11-07 00:01:38.337,2.2091841302505792,2.2091841302505792,2.2091841302505792,5338941722.061663
2025-11-07 01:01:25.337,2.218932546204614,2.218932546204614,2.218932546204614,5360054293.1435375
2025-11-07 02:00:51.578,2.20966693814718,2.20966693814718,2.20966693814718,5329855065.643486
2025-11-07 03:00:52.333,2.2181668787336686,2.2181668787336686,2.2181668787336686,5157374102.619839
2025-11-07 04:01:19.957,2.224798770388156,2.224798770388156,2.224798770388156,5020145088.690271
2025-11-07 05:06:53.758,2.2199388338087025,2.2199388338087025,2.2199388338087025,5017281759.6963625
2025-11-07 06:02:25.044,2.231960934898291,2.231960934898291,2.231960934898291,5006452131.490611
2025-11-07 07:02:01.596,2.223793836144046,2.223793836144046,2.223793836144046,4913270254.628358
2025-11-07 08:01:57.481,2.2296154172452893,2.2296154172452893,2.2296154172452893,4927202546.105719
2025-11-07 09:02:26.150,2.2178945463668693,2.2178945463668693,2.2178945463668693,4883324370.855578
2025-11-07 10:01:15.883,2.199430561587644,2.199430561587644,2.199430561587644,4812428761.185683
2025-11-07 11:01:16.931,2.182955707872928,2.182955707872928,2.182955707872928,4753998337.927538
2025-11-07 12:00:15.442,2.1870674958381526,2.1870674958381526,2.1870674958381526,4882177561.616591
2025-11-07 13:01:29.114,2.158086387109242,2.158086387109242,2.158086387109242,4911916838.2778425
2025-11-07 14:01:55.040,2.1885183027771435,2.1885183027771435,2.1885183027771435,4980189504.160339
2025-11-07 15:01:28.746,2.198050911756,2.198050911756,2.198050911756,5057760320.911546
2025-11-07 16:01:10.508,2.2135993738333064,2.2135993738333064,2.2135993738333064,5064100292.327116
2025-11-07 17:01:32.317,2.2657677470547646,2.2657677470547646,2.2657677470547646,5564486006.605515
2025-11-07 18:00:45.884,2.302413549288345,2.302413549288345,2.302413549288345,5491755982.960351
2025-11-07 19:01:54.313,2.332121577103216,2.332121577103216,2.332121577103216,5619916446.613957
2025-11-07 20:02:02.898,2.3461009835612634,2.3461009835612634,2.3461009835612634,5611278830.29329
2025-11-07 21:03:45.507,2.3635134140304586,2.3635134140304586,2.3635134140304586,5678698569.610496
2025-11-07 22:01:59.092,2.3365063862214406,2.3365063862214406,2.3365063862214406,5574905364.172627
2025-11-07 23:01:11.546,2.330273795531438,2.330273795531438,2.330273795531438,5526513397.472755
2025-11-08 00:01:25.193,2.315839328722371,2.315839328722371,2.315839328722371,5583858447.572006
2025-11-08 01:00:46.809,2.303089951051154,2.303089951051154,2.303089951051154,5663177069.561856
2025-11-08 02:01:40.803,2.307804373565898,2.307804373565898,2.307804373565898,5600210210.144426
2025-11-08 03:01:36.514,2.32205446127394,2.32205446127394,2.32205446127394,5648487574.230301
2025-11-08 04:05:59.475,2.323284321081404,2.323284321081404,2.323284321081404,5643030669.524324
2025-11-08 05:01:35.775,2.3315190144535944,2.3315190144535944,2.3315190144535944,5637138578.296883
2025-11-08 06:02:53.620,2.3122931605575867,2.3122931605575867,2.3122931605575867,5622121037.118539
2025-11-08 07:01:49.842,2.319117093065492,2.319117093065492,2.319117093065492,5657316429.987322
2025-11-08 08:01:37.947,2.323140542824203,2.323140542824203,2.323140542824203,5702170388.280426
2025-11-08 09:01:24.055,2.322328452209888,2.322328452209888,2.322328452209888,5677763443.29621
2025-11-08 10:01:24.334,2.309930943035209,2.309930943035209,2.309930943035209,5593842564.258474
2025-11-08 11:01:04.659,2.3124826185587124,2.3124826185587124,2.3124826185587124,5474610829.031501
2025-11-08 12:02:05.696,2.2945476584995226,2.2945476584995226,2.2945476584995226,5294060355.203956
2025-11-08 13:03:30.926,2.291808629453901,2.291808629453901,2.291808629453901,5104800987.509886
2025-11-08 14:01:44.794,2.281403207829651,2.281403207829651,2.281403207829651,5003490790.731102
2025-11-08 15:02:09.906,2.2786095178444783,2.2786095178444783,2.2786095178444783,4881754726.5100765
2025-11-08 16:05:58.762,2.254973562780281,2.254973562780281,2.254973562780281,4614796472.42857
2025-11-08 17:02:05.659,2.2604468621169658,2.2604468621169658,2.2604468621169658,4377979445.005204
2025-11-08 18:01:43.480,2.2670611946617343,2.2670611946617343,2.2670611946617343,3944121925.94396
2025-11-08 19:01:30.940,2.274917412741852,2.274917412741852,2.274917412741852,3653342433.741463
2025-11-08 20:00:23.852,2.2695122788861206,2.2695122788861206,2.2695122788861206,3516829658.225012
2025-11-08 21:02:36.672,2.277508144964077,2.277508144964077,2.277508144964077,3337658771.5499315
2025-11-08 22:01:42.554,2.2848506699022018,2.2848506699022018,2.2848506699022018,3214359599.997356
2025-11-08 23:01:06.938,2.285785812137924,2.285785812137924,2.285785812137924,3100366345.84306
2025-11-09 00:01:36.012,2.28488170638292,2.28488170638292,2.28488170638292,2951176618.7135286
2025-11-09 01:02:49.354,2.2744607591706085,2.2744607591706085,2.2744607591706085,2785392286.845034
2025-11-09 02:01:55.174,2.2831504884283187,2.2831504884283187,2.2831504884283187,2623923411.285452
2025-11-09 03:02:20.966,2.2606448856959127,2.2606448856959127,2.2606448856959127,2639293092.177845
2025-11-09 04:04:05.838,2.25492361496483,2.25492361496483,2.25492361496483,2583530409.5813875
2025-11-09 05:02:13.581,2.259520178417765,2.259520178417765,2.259520178417765,2545743942.637171
2025-11-09 06:04:34.610,2.2698038128888616,2.2698038128888616,2.2698038128888616,2525944697.1854525
2025-11-09 07:01:53.952,2.277763565855951,2.277763565855951,2.277763565855951,2436733050.8975825
2025-11-09 08:02:59.836,2.2944627962126507,2.2944627962126507,2.2944627962126507,2421112214.6632023
2025-11-09 09:01:34.654,2.277300440730256,2.277300440730256,2.277300440730256,2393253395.49925
2025-11-09 10:01:22.859,2.269545716505946,2.269545716505946,2.269545716505946,2387489193.885797
2025-11-09 11:02:34.484,2.2627108883757243,2.2627108883757243,2.2627108883757243,2413156996.069196
2025-11-09 12:01:53.412,2.27325809619528,2.27325809619528,2.27325809619528,2407385774.6465635
2025-11-09 13:04:08.967,2.2742415114811405,2.2742415114811405,2.2742415114811405,2402224250.2209787
2025-11-09 14:00:29.869,2.2819203011325344,2.2819203011325344,2.2819203011325344,2375259658.274619
2025-11-09 15:01:14.822,2.297294132177764,2.297294132177764,2.297294132177764,2500594969.587041
2025-11-09 16:04:26.745,2.315101112248313,2.315101112248313,2.315101112248313,2575948491.3620367
2025-11-09 17:02:31.621,2.326379484955136,2.326379484955136,2.326379484955136,2580498140.838993
2025-11-09 18:01:48.297,2.305496897985561,2.305496897985561,2.305496897985561,2567966218.2217765
2025-11-09 19:01:03.492,2.326129442453354,2.326129442453354,2.326129442453354,2583440368.47609
2025-11-09 20:01:48.269,2.3449259018711714,2.3449259018711714,2.3449259018711714,2647101373.743619
2025-11-09 21:06:30.496,2.338872497216121,2.338872497216121,2.338872497216121,2704027301.4976306
2025-11-09 22:01:58.689,2.3352945825193663,2.3352945825193663,2.3352945825193663,2693869899.3508143
2025-11-09 23:01:01.353,2.3448244509068257,2.3448244509068257,2.3448244509068257,2748974226.4802504
2025-11-10 00:02:56.075,2.366057070769261,2.366057070769261,2.366057070769261,2983765683.3379188
2025-11-10 01:07:58.506,2.420597737651604,2.420597737651604,2.420597737651604,3277075424.738446
2025-11-10 02:01:42.349,2.401837248220658,2.401837248220658,2.401837248220658,3429513796.822026
2025-11-10 03:02:35.948,2.4156866813059183,2.4156866813059183,2.4156866813059183,3520025045.028179
2025-11-10 04:02:03.766,2.464608043509424,2.464608043509424,2.464608043509424,3777914422.267487
2025-11-10 05:02:38.364,2.4634106033824503,2.4634106033824503,2.4634106033824503,3925607362.485954
2025-11-10 06:01:49.339,2.4500825350888022,2.4500825350888022,2.4500825350888022,3953164931.024012
2025-11-10 07:03:09.985,2.470191279449004,2.470191279449004,2.470191279449004,4091165183.284957
2025-11-10 08:02:48.182,2.481250245522689,2.481250245522689,2.481250245522689,4201518967.838396
2025-11-10 09:04:45.881,2.49078224287478,2.49078224287478,2.49078224287478,4335104964.115644
2025-11-10 10:03:16.355,2.5385319331190934,2.5385319331190934,2.5385319331190934,4615265244.955245
2025-11-10 11:02:48.214,2.535918694116344,2.535918694116344,2.535918694116344,4798130681.398945
2025-11-10 12:01:39.127,2.5445774630315734,2.5445774630315734,2.5445774630315734,5002212704.032387
2025-11-10 13:07:01.946,2.531461982740725,2.531461982740725,2.531461982740725,5119605329.077911
2025-11-10 14:03:15.506,2.561128974827654,2.561128974827654,2.561128974827654,5184722766.660269
2025-11-10 15:01:13.514,2.5079816700232533,2.5079816700232533,2.5079816700232533,5315759901.342002
2025-11-10 16:02:51.902,2.5194168870951,2.5194168870951,2.5194168870951,5448110186.713629
2025-11-10 17:01:57.741,2.528531440569845,2.528531440569845,2.528531440569845,5617474282.981986
2025-11-10 18:02:16.064,2.554303823540092,2.554303823540092,2.554303823540092,5702184395.815479
2025-11-10 19:01:02.548,2.542423630771105,2.542423630771105,2.542423630771105,5805272389.06214
2025-11-10 20:02:42.328,2.5561361677708483,2.5561361677708483,2.5561361677708483,5819023643.188355
2025-11-10 21:00:49.792,2.5684117786054865,2.5684117786054865,2.5684117786054865,5958126266.840883
2025-11-10 22:01:50.636,2.516078951439613,2.516078951439613,2.516078951439613,6080209165.689109
2025-11-10 23:02:58.132,2.526533785364593,2.526533785364593,2.526533785364593,6122825767.731972
2025-11-11 00:02:37.055,2.5257513072290494,2.5257513072290494,2.5257513072290494,5952577470.307984
2025-11-11 01:02:26.993,2.526177302104637,2.526177302104637,2.526177302104637,5863198474.647546
2025-11-11 02:01:47.173,2.539099389549089,2.539099389549089,2.539099389549089,5823020667.414695
2025-11-11 03:01:07.266,2.535759409935132,2.535759409935132,2.535759409935132,5843925416.527674
2025-11-11 04:00:33.542,2.5307468958866712,2.5307468958866712,2.5307468958866712,5595296439.676832
2025-11-11 05:01:48.408,2.500403380439744,2.500403380439744,2.500403380439744,5528306198.466148
2025-11-11 06:02:32.821,2.479593366981524,2.479593366981524,2.479593366981524,5545511877.593941
2025-11-11 07:01:25.784,2.469099095563547,2.469099095563547,2.469099095563547,5651694172.418831
2025-11-11 08:00:18.526,2.450791197821717,2.450791197821717,2.450791197821717,5603423090.149855
2025-11-11 09:02:01.305,2.44691338245252,2.44691338245252,2.44691338245252,5597291080.953937
2025-11-11 10:04:50.836,2.4560095261362447,2.4560095261362447,2.4560095261362447,5276374631.127533
2025-11-11 11:02:13.676,2.462948335585775,2.462948335585775,2.462948335585775,5139750366.957531
2025-11-11 12:03:42.570,2.458238467399513,2.458238467399513,2.458238467399513,4943617363.830342
2025-11-11 13:02:21.344,2.456017381030456,2.456017381030456,2.456017381030456,4935306850.425692
2025-11-11 14:03:03.974,2.445657040579776,2.445657040579776,2.445657040579776,4891619105.49915
2025-11-11 15:01:43.664,2.446323205016892,2.446323205016892,2.446323205016892,4766363329.040544
2025-11-11 16:02:32.203,2.432480759718884,2.432480759718884,2.432480759718884,4660411632.26066
2025-11-11 17:04:03.541,2.431470552972624,2.431470552972624,2.431470552972624,4481017970.383166
2025-11-11 18:01:44.818,2.4255907145764573,2.4255907145764573,2.4255907145764573,4445738547.892438
2025-11-11 19:02:17.630,2.429517093305742,2.429517093305742,2.429517093305742,4391015484.027837
2025-11-11 20:01:48.141,2.417900501000424,2.417900501000424,2.417900501000424,4356873914.183944
2025-11-11 21:01:57.433,2.4022320474019456,2.4022320474019456,2.4022320474019456,4256987354.644081
2025-11-11 22:02:02.422,2.3912743257470503,2.3912743257470503,2.3912743257470503,4131712613.416868
2025-11-11 23:01:19.497,2.4068399349748097,2.4068399349748097,2.4068399349748097,4157694822.720803
2025-11-12 00:01:16.508,2.390434897446697,2.390434897446697,2.390434897446697,4116673287.9246254
2025-11-12 01:02:31.335,2.39074660104007,2.39074660104007,2.39074660104007,4108990037.638308
2025-11-12 02:01:36.943,2.4082770282040644,2.4082770282040644,2.4082770282040644,4068729568.286257
2025-11-12 03:02:17.760,2.394859586233496,2.394859586233496,2.394859586233496,4003508946.006585
2025-11-12 04:02:08.379,2.399572643664172,2.399572643664172,2.399572643664172,3954832890.834184
2025-11-12 05:00:11.737,2.390416268802417,2.390416268802417,2.390416268802417,3863753964.123671
2025-11-12 06:01:37.474,2.400454018674348,2.400454018674348,2.400454018674348,3747165658.211175
2025-11-12 07:06:27.805,2.3887675785315143,2.3887675785315143,2.3887675785315143,3620086869.98462
2025-11-12 08:02:46.206,2.373857007887165,2.373857007887165,2.373857007887165,3609254073.606344
2025-11-12 09:02:08.107,2.409796684503718,2.409796684503718,2.409796684503718,3627277391.6093936
2025-11-12 10:02:57.633,2.417507358178954,2.417507358178954,2.417507358178954,3732036737.619422
2025-11-12 11:01:26.249,2.423989893504041,2.423989893504041,2.423989893504041,3803134225.668976
2025-11-12 12:02:06.583,2.434786848982413,2.434786848982413,2.434786848982413,3877108037.376468
2025-11-12 13:01:53.349,2.443907925798326,2.443907925798326,2.443907925798326,3784025413.8011856
2025-11-12 14:03:38.519,2.4455416252353017,2.4455416252353017,2.4455416252353017,3776185630.756985
2025-11-12 15:02:48.929,2.412312072154261,2.412312072154261,2.412312072154261,3650540193.627349
2025-11-12 16:03:12.634,2.369424978753917,2.369424978753917,2.369424978753917,3889802268.8686447
2025-11-12 17:02:46.135,2.337692464508069,2.337692464508069,2.337692464508069,4095042895.489924
2025-11-12 18:02:24.694,2.346927361659448,2.346927361659448,2.346927361659448,4219698317.71361
2025-11-12 19:00:23.170,2.3449358587653526,2.3449358587653526,2.3449358587653526,4274297448.141135
2025-11-12 20:00:58.650,2.339016524723389,2.339016524723389,2.339016524723389,4318238995.242285
2025-11-12 21:02:16.423,2.3514874602192446,2.3514874602192446,2.3514874602192446,4398347213.208571
2025-11-12 22:02:18.613,2.385998084028571,2.385998084028571,2.385998084028571,4435994983.9893055
2025-11-12 23:01:39.821,2.378176479729069,2.378176479729069,2.378176479729069,4371316888.226516
2025-11-13 00:01:34.176,2.3832389457846697,2.3832389457846697,2.3832389457846697,4420961765.056469
2025-11-13 01:01:32.165,2.390810549754331,2.390810549754331,2.390810549754331,4541679925.118688
2025-11-13 02:01:16.329,2.403682768188643,2.403682768188643,2.403682768188643,4558800698.253418
2025-11-13 03:02:13.492,2.420745199876547,2.420745199876547,2.420745199876547,4565114499.743822
2025-11-13 04:03:33.217,2.491024233136081,2.491024233136081,2.491024233136081,5373017021.325889
2025-11-13 05:02:39.087,2.470729825302404,2.470729825302404,2.470729825302404,5233054709.506311
2025-11-13 06:01:33.681,2.4904876059822416,2.4904876059822416,2.4904876059822416,5347348353.025623
2025-11-13 07:00:55.028,2.5018506630293738,2.5018506630293738,2.5018506630293738,5487432245.296493
2025-11-13 08:01:41.761,2.490881172923727,2.490881172923727,2.490881172923727,5590842950.0452
2025-11-13 09:01:56.332,2.502349931177401,2.502349931177401,2.502349931177401,5576581582.461308
2025-11-13 10:00:54.612,2.497845978522478,2.497845978522478,2.497845978522478,5577759103.9811125
2025-11-13 11:02:55.992,2.504509182587744,2.504509182587744,2.504509182587744,5628083857.793184
2025-11-13 12:01:39.361,2.4928302543512344,2.4928302543512344,2.4928302543512344,5633233518.671327
2025-11-13 13:02:49.608,2.481274267690689,2.481274267690689,2.481274267690689,5665480503.122838
2025-11-13 14:03:21.386,2.461391783809479,2.461391783809479,2.461391783809479,5737773570.760329
2025-11-13 15:00:54.944,2.499762687185988,2.499762687185988,2.499762687185988,6010096653.30919
2025-11-13 16:00:24.348,2.4270211669740256,2.4270211669740256,2.4270211669740256,6039776791.720147
2025-11-13 17:03:24.915,2.399355478685398,2.399355478685398,2.399355478685398,5928710154.361346
2025-11-13 18:02:46.572,2.3582567416510063,2.3582567416510063,2.3582567416510063,6032527597.051718
2025-11-13 19:01:12.703,2.338018163835566,2.338018163835566,2.338018163835566,6307490491.00263
2025-11-13 20:03:16.952,2.313284737369262,2.313284737369262,2.313284737369262,6461441580.193211
2025-11-13 21:04:20.612,2.297105094061453,2.297105094061453,2.297105094061453,6738717171.509599
2025-11-13 22:01:58.985,2.293315129249026,2.293315129249026,2.293315129249026,6818162743.858727
2025-11-13 23:04:28.134,2.3166900131098545,2.3166900131098545,2.3166900131098545,6973475476.548634
2025-11-14 00:03:41.006,2.3190641287297,2.3190641287297,2.3190641287297,7193111620.737252
2025-11-14 01:02:04.373,2.2978089193229034,2.2978089193229034,2.2978089193229034,7270081906.5267
2025-11-14 02:06:46.345,2.3127973865220985,2.3127973865220985,2.3127973865220985,7356856179.709991
2025-11-14 03:01:53.613,2.325676678377849,2.325676678377849,2.325676678377849,7445564539.395583
2025-11-14 04:01:52.010,2.306017054009406,2.306017054009406,2.306017054009406,7161766258.284357
2025-11-14 05:02:42.653,2.290664353975279,2.290664353975279,2.290664353975279,7121482971.283546
2025-11-14 06:02:05.270,2.3087696897512924,2.3087696897512924,2.3087696897512924,7351963839.720855
2025-11-14 07:02:27.266,2.2892661406303967,2.2892661406303967,2.2892661406303967,7294272762.807872
2025-11-14 08:02:24.344,2.313926643343002,2.313926643343002,2.313926643343002,7377972614.911643
2025-11-14 09:03:21.033,2.294360022442606,2.294360022442606,2.294360022442606,7329881410.328914
2025-11-14 10:06:54.941,2.2782542133656944,2.2782542133656944,2.2782542133656944,7136971952.754152
2025-11-14 11:02:02.626,2.290791310429084,2.290791310429084,2.290791310429084,7230906431.9339485
2025-11-14 12:02:55.552,2.263804851886537,2.263804851886537,2.263804851886537,7257296887.476244
2025-11-14 13:03:06.598,2.283313751042077,2.283313751042077,2.283313751042077,7749204746.54413
2025-11-14 14:02:04.017,2.2708949727340224,2.2708949727340224,2.2708949727340224,7901104581.130668
2025-11-14 15:07:51.234,2.3027846675591306,2.3027846675591306,2.3027846675591306,7928236382.349824
2025-11-14 16:02:42.780,2.319492698965937,2.319492698965937,2.319492698965937,7903379134.615828
2025-11-14 17:04:52.821,2.330705112595396,2.330705112595396,2.330705112595396,7722121987.378332
2025-11-14 18:02:00.241,2.3062248325602908,2.3062248325602908,2.3062248325602908,7743014522.37005
2025-11-14 19:03:52.296,2.2873429003579653,2.2873429003579653,2.2873429003579653,7485903776.092693
2025-11-14 20:03:46.410,2.308727803897701,2.308727803897701,2.308727803897701,7292626507.356034
2025-11-14 21:02:11.812,2.266393873089397,2.266393873089397,2.266393873089397,7074003450.088711
2025-11-14 22:01:53.572,2.2742599413298867,2.2742599413298867,2.2742599413298867,6977585641.640254
2025-11-14 23:02:36.620,2.26395290922823,2.26395290922823,2.26395290922823,6781771087.294633
2025-11-15 00:00:42.250,2.2436294470243503,2.2436294470243503,2.2436294470243503,6698400743.135106
2025-11-15 01:01:23.732,2.263633438193767,2.263633438193767,2.263633438193767,6596615005.9194975
2025-11-15 02:04:50.198,2.274118192305725,2.274118192305725,2.274118192305725,6474680476.506663
2025-11-15 03:01:42.984,2.2912146235035564,2.2912146235035564,2.2912146235035564,6371045703.57299
2025-11-15 04:02:45.976,2.293344572024515,2.293344572024515,2.293344572024515,6187822167.423695
2025-11-15 05:03:11.929,2.280729910865363,2.280729910865363,2.280729910865363,5859339452.616713
2025-11-15 06:03:40.207,2.277043913007486,2.277043913007486,2.277043913007486,5825791172.161971
2025-11-15 07:02:55.509,2.278838544739545,2.278838544739545,2.278838544739545,5663539089.466876
2025-11-15 08:03:00.524,2.280302424987924,2.280302424987924,2.280302424987924,5531579817.356277
2025-11-15 09:02:24.878,2.246299441140525,2.246299441140525,2.246299441140525,5502230629.740237
2025-11-15 09:35:18.000,2.2616140502586104,2.2616140502586104,2.2616140502586104,5466325430.935133
2025-11-16 03:49:09.000,2.2509043637639965,2.2509043637639965,2.2509043637639965,2968266849.669507
2025-11-16 04:29:08.000,2.2461909746006867,2.2461909746006867,2.2461909746006867,2972373689.941008
2025-11-16 04:43:25.000,2.240079492350393,2.240079492350393,2.240079492350393,2869582533.385898
2025-11-16 04:56:11.000,2.2425075531944745,2.2425075531944745,2.2425075531944745,2954748909.7380085
2025-11-16 05:24:19.000,2.257616881759174,2.257616881759174,2.257616881759174,2963063373.196803
2025-11-16 05:32:39.000,2.255146056755709,2.255146056755709,2.255146056755709,2961566068.7723174
2025-11-17 02:42:55.000,2.234654033577552,2.234654033577552,2.234654033577552,4143178159.3194127
2025-11-17 03:42:27.000,2.251768816615923,2.251768816615923,2.251768816615923,4219507771.673429
2025-11-17 11:35:43.000,2.273336414154099,2.273336414154099,2.273336414154099,4377011299.203902
2025-11-17 13:44:39.000,2.2250214209695964,2.2250214209695964,2.2250214209695964,4371597034.276796
